gebiedcode15,waarde
STAD,4.1
A,0.3
B,2.7
E,2.3
F,5.2
K,4.0
M,5.4
Z,
N,3.8
T,5.1
DX09,2.0
DX08,7.7
DX06,4.1
DX05,1.6
DX10,6.2
DX07,7.0
DX11,3.6
DX17,7.6
DX16,1.1
DX15,10.1
DX13,0.2
DX12,1.9
DX14,2.3
DX18,0.7
DX20,11.6
DX19,3.6
DX22,0.8
DX21,1.1
DX01,0.4
DX02,0.2
DX03,3.1
DX04,2.4
ZX99,2.7
A03,0.0
A02,0.0
A04,0.0
A01,0.0
A00,0.0
A05,1.3
A06,0.4
A07,0.0
A08,0.8
A09,0.1
B10,2.7
M34,1.3
M35,0.0
M50,0.0
M51,2.6
M55,3.5
M56,19.5
M57,16.6
K91,0.9
M30,0.0
M31,0.0
M32,7.2
M33,0.0
M29,0.8
M27,0.0
M28,0.0
K46,0.0
K47,1.4
K48,27.5
K49,0.9
K52,0.8
K53,0.6
K54,5.3
K59,0.0
K90,2.6
K24,0.0
K25,2.1
K45,0.0
K44,2.0
K26,0.0
K23,7.7
F81,0.8
F80,11.0
F82,0.0
F83,0.0
F84,0.0
F85,0.2
F86,0.0
F87,7.3
F88,10.1
F89,0.0
F78,0.0
F79,12.6
F76,0.0
F77,3.7
F11,2.9
E20,0.0
E21,0.0
E22,4.3
E36,0.0
E37,1.6
E38,0.0
E39,8.7
E41,13.5
E40,0.0
E42,0.0
E75,0.0
E43,0.0
E14,0.2
E15,1.0
E17,0.0
E16,0.0
E18,0.0
E19,0.0
E13,6.7
E12,0.0
T93,2.1
T94,1.1
T96,0.2
T95,0.8
T97,0.1
T98,2.3
N73,3.4
N74,22.2
T92,17.3
N62,0.0
N63,0.0
N64,0.0
N65,5.6
N66,8.5
N67,13.0
N68,0.0
N69,0.3
N70,3.8
N71,0.0
N72,0.0
M58,1.9
N60,2.4
N61,1.4
Z99,
AS07,0.0
AS09,0.0
AS08,0.0
AS11,0.0
AS10,0.0
AS13,0.0
AS12,0.0
AS16,0.0
AS18,0.0
AS20,0.0
AS17,0.2
AS15,0.0
AS14,0.0
AS19,1.9
AS02,0.0
AS06,0.0
AS04,0.0
AS03,0.0
AS01,4.1
AS05,0.6
TS03,2.5
TS01,0.0
TS02,0.0
TS04,1.1
TS07,11.9
TS05,0.0
TS09,0.0
TS11,0.0
TS08,0.0
TS06,0.0
TS10,0.0
TS14,0.8
TS12,0.3
TS16,2.3
TS18,0.0
TS13,0.1
TS15,15.9
TS17,36.8
ZS99,2.7
MS17,0.0
MS16,2.4
MS14,16.6
MS13,0.0
MS18,0.0
MS15,0.0
MS24,8.5
MS19,0.0
MS20,0.0
MS21,0.0
MS23,0.0
MS22,0.0
MS25,0.0
MS31,1.6
MS27,1.3
MS26,0.0
MS28,0.0
MS30,0.0
MS29,0.0
MS05,0.0
MS02,0.0
MS03,0.0
MS04,2.2
MS01,0.0
MS10,0.0
MS09,14.5
MS07,0.0
MS06,0.0
MS12,56.5
MS11,0.0
MS08,0.0
NS60,2.4
NS61,1.4
NS66,8.5
NS65,5.6
NS63,0.0
NS62,0.0
NS68,0.0
NS67,13.0
NS64,0.0
NS73,3.4
NS72,0.0
NS74,22.2
NS70,3.8
NS69,0.3
NS71,0.0
ES01,0.0
ES07,0.0
ES08,0.0
ES03,5.3
ES04,0.2
ES06,1.4
ES02,0.0
ES05,0.0
ES15,0.0
ES14,0.0
ES10,0.0
ES11,0.0
ES13,2.9
ES12,0.0
ES09,0.0
ES21,9.6
ES17,0.0
ES16,0.0
ES18,4.4
ES20,14.3
ES19,0.0
ES22,0.0
ES61,0.0
ES99,8.1
ES24,13.5
ES25,0.0
ES27,0.0
ES26,0.0
ES23,0.0
FS11,2.9
FS76,0.0
FS77,3.7
FS78,0.0
FS83,0.0
FS81,0.8
FS79,12.6
FS80,11.0
FS82,0.0
FS84,0.0
FS86,0.0
FS87,7.3
FS89,0.0
FS85,0.2
FS88,10.1
KS91,0.9
KS46,0.0
KS45,0.0
KS26,0.0
KS25,2.1
KS48,27.5
KS47,1.4
KS44,2.0
KS59,0.0
KS90,2.6
KS54,5.3
KS52,0.8
KS49,0.9
KS53,0.6
KS23,7.7
KS24,0.0
AA11,0.0
AA02,0.6
AA04,0.4
AA03,0.0
AA12,0.0
KA05,6.5
KA04,2.0
KA02,2.7
KA01,0.7
KA03,6.2
FA05,0.5
FA04,1.3
FA02,0.1
FA01,3.9
FA07,3.5
FA06,22.5
FA03,0.0
FA09,10.1
FA08,0.0
FA10,2.9
EA04,2.5
EA03,2.4
EA01,3.1
EA02,0.6
TA05,0.0
TA02,0.0
TA04,0.0
TA03,6.2
TA06,0.5
TA01,1.1
NA67,13.0
NA66,8.5
NA64,0.0
NA69,0.3
NA63,0.0
NA68,0.0
NA65,5.6
NA61,1.4
NA60,2.4
NA62,0.0
NA74,22.2
NA73,3.4
NA71,0.0
NA70,3.8
NA72,0.0
MA03,0.0
MA02,10.1
MA01,0.2
MA05,1.1
MA04,4.7
ZA99,2.7
TA10,2.3
TA08,0.0
TA09,17.3
DY08,8.0
DY03,3.1
DY04,2.4
DY05,0.6
DY07,2.8
DY06,2.5
DY09,7.0
DY01,0.4
DY02,0.2
ZY99,2.7
DY15,0.7
DY11,2.0
DY12,13.3
DY10,7.7
DY14,3.6
DY13,0.9
DY16,2.7
DY22,7.6
DY18,4.7
DY19,0.0
DY21,1.1
DY20,10.1
DY23,0.7
DY17,0.2
DY25,11.6
DY26,1.1
DY24,3.6
DY27,0.8
A00e,0.0
A00d,0.0
A00b,0.0
A00a,0.0
A00c,0.0
A03f,0.0
A03b,0.0
A03c,0.0
A03e,0.0
A03g,0.0
A03a,0.0
A03d,0.0
A04e,0.0
A04a,0.0
A04b,0.0
A04d,0.0
A04c,0.0
A04f,0.0
A01d,0.0
A01f,0.0
A01b,0.0
A01c,0.0
A01e,0.0
A01g,0.0
A01a,0.0
A02d,0.0
A02a,0.0
A02c,0.0
A01h,0.0
A02b,0.0
A06f,0.0
A06j,0.0
A06g,0.0
A06k,0.0
A06i,0.0
A06h,0.0
A06e,8.9
A07d,0.0
A07a,0.0
A07c,0.0
A07b,0.0
A07e,0.0
A06l,0.0
A06c,0.0
A05f,0.0
A05d,4.6
A05g,0.0
A06a,0.0
A06d,0.0
A05b,0.0
A04h,0.0
A04i,0.0
A05a,0.0
A04g,0.0
A05c,0.0
A09a,0.7
A09e,0.0
A09c,0.0
A08e,0.0
A09b,0.0
A09d,0.0
A08b,0.0
A07h,0.0
A08a,0.0
A07f,0.0
A08d,1.9
A07g,0.0
A09i,0.0
A09f,0.0
A09h,0.0
B10g,12.6
B10f,0.0
B10h,0.0
B10c,0.0
B10e,0.0
B10b,0.0
B10d,0.0
B10a,0.0
K90c,0.0
K90a,0.0
K59b,0.0
K90e,6.2
K59a,0.0
K90d,3.4
K54b,0.0
K54d,0.0
K54c,17.5
K54a,3.5
K54e,0.0
K52g,0.0
K52c,0.0
K52h,0.0
K53b,1.2
K52d,5.3
K53a,0.0
K49e,0.0
K49c,0.0
K49f,0.0
K52b,0.0
K49d,0.0
K52a,0.0
K48d,34.5
K48e,64.5
K48c,0.0
K48f,0.0
K49b,0.0
K49a,4.0
K47i,6.3
K47g,3.0
K47j,0.0
K48b,33.3
K47h,0.0
K48a,0.0
K47e,0.0
K47b,0.0
K47d,0.0
K47c,0.0
K47f,0.0
K47a,1.9
K46c,0.0
K46b,0.0
K46a,0.0
K46d,0.0
K45a,0.0
K45b,0.0
K44f,5.2
K44b,0.0
K44a,0.0
K44c,0.0
K44e,0.0
K44d,0.0
K26c,0.0
K25d,0.0
K25c,8.7
K26b,0.0
K26a,0.0
K25a,0.0
K24c,0.0
K24d,0.0
K24b,0.0
K24e,0.0
K25b,0.0
K23a,0.0
K23b,0.0
K23c,10.6
K23e,40.8
K23d,0.0
K24a,0.0
M55i,0.0
M55g,20.1
M56a,0.0
M55h,0.0
M56c,0.0
M56b,0.0
M56d,81.1
M56f,13.8
M56h,0.0
M56g,54.3
M56e,80.2
M56i,0.0
M55b,0.0
M55d,0.0
M51c,0.0
M55c,0.0
M55f,0.0
M55e,0.0
M50f,0.0
M50d,0.0
M50g,0.0
M51b,0.0
M50e,0.0
M51a,16.3
M50b,0.0
M50c,0.0
M35f,0.0
M50a,0.0
M35c,0.0
M35e,0.0
M35a,0.0
M34f,0.0
M34g,0.0
M35b,0.0
M34d,0.0
M34e,2.7
M33f,0.0
M33b,0.0
M33c,0.0
M33a,0.0
M33e,0.0
M33d,0.0
M33g,0.0
M33h,0.0
M33i,0.0
M34a,0.0
M33j,0.0
M33k,0.0
M34c,0.0
M32d,15.0
M32a,0.0
M32c,0.0
M31c,0.0
M32b,0.0
M29c,2.2
M31a,0.0
M30a,0.0
M30b,0.0
M31b,0.0
M29a,0.0
M28b,0.0
M28c,0.0
M28a,0.0
M28d,0.0
M29b,0.0
M27c,0.0
M27b,0.0
M27a,0.0
K91b,4.9
K91a,0.0
K90j,1.0
K91d,0.0
K90i,0.0
K91c,0.0
F88h,0.0
F88f,0.0
F88e,0.0
F88c,0.0
F88b,0.0
F88g,0.0
F88d,52.5
F89b,0.0
F89a,0.0
F88j,6.9
F88i,0.0
F89d,0.0
F89c,0.0
F87f,0.0
F87e,24.6
F87c,0.0
F88a,2.1
F87b,0.0
F87d,0.0
F86d,0.0
F86f,0.0
F86e,0.0
F86c,0.0
F87a,0.0
F86b,0.0
F85a,0.6
F84c,0.0
F85c,0.0
F85b,0.0
F86a,0.0
F83a,0.0
F82d,0.0
F83b,0.0
F84b,0.0
F84a,0.0
F81e,0.0
F82a,0.0
F81c,0.0
F81d,5.1
F82b,0.0
F82c,0.0
F81a,0.0
F81b,0.0
F80b,0.3
F80c,0.0
F80a,83.0
F11e,1.2
F11a,0.0
F11d,0.9
F11c,0.0
F11f,0.0
F11j,0.5
F11h,23.0
F76b,0.0
F76a,0.0
F77a,0.0
F79a,14.0
F78d,0.0
F78e,0.0
F78b,0.0
F79b,2.8
F78c,0.0
F77c,0.0
F77d,0.0
F77f,0.0
F77e,9.6
F78a,0.0
F77b,6.2
E39b,14.3
E39a,0.0
E38d,0.0
E39d,13.4
E38c,0.0
E39c,0.0
E37d,0.0
E37f,0.0
E37e,19.7
E37c,0.0
E37g,0.0
E37a,0.0
E22b,10.1
E36a,0.0
E22a,0.0
E36b,0.0
E20b,0.0
E20c,0.0
E21b,0.0
E20a,0.0
E21a,0.0
E42b,0.0
E42a,0.0
E41d,40.2
E41c,0.1
E42d,0.0
E42c,0.0
E40c,0.0
E40a,0.0
E41b,0.0
E41a,0.0
E40b,0.0
E75a,0.0
E43a,0.0
E75c,0.0
E75b,0.0
E43b,0.0
E75d,0.0
E18b,0.0
E19a,0.0
E19c,0.0
E18a,0.0
E19b,0.0
E16a,0.0
E16c,0.0
E15d,0.0
E16b,0.0
E17a,0.0
E15b,2.1
E14f,0.0
E15a,0.0
E14d,0.0
E15c,0.1
E14e,0.8
E13g,2.4
E14b,0.0
E13h,10.2
E14a,0.0
E14c,0.0
E13f,17.7
E13d,0.0
E12b,0.0
E13a,0.0
E13c,0.0
E13b,0.0
E13e,0.0
E12a,0.0
N71e,0.0
N71g,0.0
N71f,0.0
N71c,0.0
N71h,0.0
N70b,12.5
N70d,0.0
N70c,0.0
N70f,0.0
N70a,0.0
N70e,0.0
N69l,1.8
N69c,0.0
N69k,0.0
N69j,0.0
N69m,0.0
N69a,0.0
N68e,0.0
N68b,0.0
N68d,0.0
N68c,0.0
N68f,0.0
N68a,0.0
N66e,0.0
N67a,15.1
N66f,0.0
N66g,0.0
N67b,0.0
N66d,0.0
N66b,25.0
N65b,0.0
N65a,0.0
N65c,13.6
N65d,0.0
N66c,21.1
N64e,0.0
N64a,0.0
N64b,0.0
N64d,0.0
N64c,0.0
N61d,4.5
N62b,0.0
N62a,0.0
N63a,0.0
N61c,0.0
N61a,0.0
N60a,0.0
N60b,0.0
N60c,8.5
N61b,0.0
M57c,67.6
M58b,0.0
M58f,3.2
M57b,0.0
M57a,0.0
M58e,3.8
M58j,0.9
M58h,0.0
M58g,0.0
M58i,0.0
T92c,0.0
T92b,0.0
T92d,0.0
T92a,36.8
N73d,1.3
N73f,0.0
N73h,0.5
N73j,26.8
N73g,0.0
N73e,0.0
N73i,62.5
N72c,0.0
N72a,0.0
N73a,35.5
N73c,0.0
N72b,0.0
N73b,0.0
N74b,58.8
N74c,0.0
N74a,0.0
T94k,0.0
T94l,0.0
T94g,0.0
T94h,0.0
T94j,2.0
T94f,0.4
T94i,0.0
T94d,0.0
T94a,0.0
T94c,0.0
T94b,0.0
T94e,0.0
T93k,13.7
T93i,0.0
T93e,0.0
T93d,0.0
T93f,0.0
T93h,0.0
T93j,0.0
T93g,0.0
T93b,0.0
T92e,0.0
T92f,0.0
T92g,49.9
T93a,0.0
T93c,0.0
T96b,0.0
T96f,0.0
T96c,0.0
T96e,0.0
T96d,1.8
T96g,0.0
T96a,0.0
T95c,0.0
T94n,9.1
T94m,0.0
T95b,2.3
T95a,0.0
T98a,0.6
T97b,0.0
T97d,0.0
T97c,0.0
T97a,0.8
T98b,2.6
Z99z,
